{
  "models": [
    {
      "name": "deberta",
      "description": "DeBERTa model for general prompt injection detection",
      "priority": 100,
      "enabled": true,
      "heuristics": {
        "keywords": [
          "ignore previous",
          "ignore all previous", 
          "forget previous",
          "system:",
          "system prompt",
          "override",
          "act as",
          "pretend to be",
          "roleplay",
          "jailbreak",
          "developer mode",
          "admin mode"
        ],
        "patterns": [
          "\\b(ignore|forget|disregard)\\s+(all\\s+)?(previous|prior|earlier)\\s+(instructions?|commands?|prompts?)",
          "\\b(system|admin|developer|debug)\\s+(mode|prompt|instructions?)",
          "\\b(act|pretend|roleplay|role\\s+play)\\s+as\\s+",
          "\\n\\n(Human|Assistant|System|User):",
          "\\b(override|bypass|escape|jailbreak|jail\\s+break)"
        ],
        "minimumMatches": 1,
        "confidenceWeight": 0.8
      }
    },
    {
      "name": "toxic-roberta",
      "description": "Toxic RoBERTa model for toxicity and harmful content detection",
      "priority": 90,
      "enabled": true,
      "heuristics": {
        "keywords": [
          "hate",
          "kill",
          "murder",
          "violence",
          "attack",
          "hurt",
          "harm",
          "destroy",
          "fuck",
          "shit",
          "damn",
          "bitch",
          "toxic",
          "harassment",
          "bully",
          "abuse"
        ],
        "patterns": [
          "\\b(i\\s+)?(hate|despise|loathe)\\s+(you|them|him|her)",
          "\\b(kill|murder|hurt|harm)\\s+(yourself|myself|themselves)",
          "\\b(stupid|dumb|idiot|moron)\\b",
          "[!@#$%^&*]{3,}"
        ],
        "minimumMatches": 1,
        "confidenceWeight": 0.7
      }
    },
    {
      "name": "presidio-analyzer",
      "description": "Presidio Analyzer for PII and sensitive data detection",
      "priority": 95,
      "enabled": true,
      "heuristics": {
        "keywords": [
          "email",
          "phone number",
          "social security",
          "ssn",
          "credit card", 
          "address",
          "personal information",
          "confidential",
          "private"
        ],
        "patterns": [
          "\\b[A-Za-z0-9._%+-]+@[A-Za-z0-9.-]+\\.[A-Z|a-z]{2,}\\b",
          "\\b(\\+?1[-\\.\\s]?)?\\(?([0-9]{3})\\)?[-\\.\\s]?([0-9]{3})[-\\.\\s]?([0-9]{4})\\b",
          "\\b\\d{3}-\\d{2}-\\d{4}\\b",
          "\\b(?:\\d{4}[-\\s]?){3}\\d{4}\\b",
          "\\b(?:[0-9]{1,3}\\.){3}[0-9]{1,3}\\b"
        ],
        "minimumMatches": 1,
        "confidenceWeight": 0.9
      }
    }
  ],
  "settings": {
    "defaultModel": "deberta",
    "minimumConfidenceThreshold": 0.3,
    "caseSensitive": false,
    "enablePatternMatching": true
  }
}